{"sum": 9291966.0, "avr": 279.038018018018, "sumMD": 35878.0, "avrMD": 159.45777777777778, "sumSD": 40189.0, "avrSD": 178.61777777777777, "max": 542.0, "min": 14.0}